,name,team,AVG,G,PA,AB,R,H,2B,3B,HR,TB,RBI,SAC,SF,XBH,GO,AO,GO/AO,GW_RBI,BB/K,P/PA,ISOP,XR,GPA
0,박건우,두산,0.342,70,175,158,31,54,12,0,5,81,26,2,0,17,35,40,0.88,4,0.41,3.59,0.171,29.2,0.308
1,김응민,두산,0.333,4,3,3,1,1,0,0,1,4,2,0,0,1,1,1,1.00,0,-,3.67,1.000,0.9,0.483
2,고영민,두산,0.328,41,77,67,13,22,1,0,3,32,11,0,1,4,8,16,0.50,1,0.27,3.75,0.149,11.8,0.301
3,김현수,두산,0.326,141,630,512,103,167,26,0,28,277,121,0,9,54,146,145,1.01,13,1.60,3.72,0.215,118.9,0.332
4,양의지,두산,0.326,132,513,442,70,144,27,0,20,231,93,2,6,47,81,159,0.51,12,0.61,3.78,0.197,89.9,0.313
5,허경민,두산,0.317,117,453,404,64,128,20,2,1,155,41,8,3,23,136,101,1.35,1,0.74,3.66,0.067,56.0,0.264
6,김재호,두산,0.307,133,488,410,63,126,24,3,3,165,50,14,7,30,101,148,0.68,6,1.29,3.85,0.095,63.3,0.27399999999999997
7,민병헌,두산,0.303,129,561,491,80,149,20,2,12,209,75,6,6,34,131,143,0.92,6,0.68,3.78,0.122,76.8,0.27399999999999997
8,정수빈,두산,0.295,128,570,491,79,145,27,7,2,192,59,19,6,36,172,110,1.56,5,0.61,3.78,0.096,70.1,0.26
9,오재일,두산,0.289,66,213,180,33,52,11,1,14,107,36,1,2,26,29,52,0.56,4,0.57,3.79,0.306,39.2,0.32299999999999995
10,최주환,두산,0.282,100,270,238,34,67,16,2,5,102,32,3,1,23,70,68,1.03,2,0.74,4.04,0.147,33.8,0.267
11,오재원,두산,0.280,120,474,411,60,115,20,2,11,172,59,7,4,33,108,98,1.10,6,0.50,4.15,0.139,64.6,0.265
12,유민상,두산,0.263,15,45,38,5,10,1,0,1,14,6,0,1,2,8,12,0.67,2,0.56,4.29,0.105,5.8,0.252
13,홍성흔,두산,0.262,93,352,301,39,79,12,0,7,112,46,4,0,19,84,79,1.06,4,0.71,4.09,0.110,40.6,0.256
14,로메로,두산,0.253,76,305,265,30,67,16,0,12,119,50,0,7,28,64,92,0.70,4,0.60,3.86,0.196,40.8,0.26
15,김재환,두산,0.235,48,180,153,24,36,8,0,7,65,22,1,2,15,44,36,1.22,2,0.56,3.86,0.190,22.5,0.257
16,정진호,두산,0.234,77,172,154,37,36,5,3,4,59,18,3,0,12,55,39,1.41,3,0.58,3.49,0.149,19.0,0.23199999999999998
17,국해성,두산,0.200,11,26,20,6,4,1,0,1,8,5,1,2,2,7,6,1.17,0,0.40,3.46,0.200,2.7,0.226
18,류지혁,두산,0.200,14,5,5,3,1,0,0,0,1,0,0,0,0,1,0,-,0,0.00,4.20,0.000,0.1,0.14
19,장민석,두산,0.189,53,63,53,15,10,2,0,0,12,4,1,1,2,14,17,0.82,0,0.54,3.59,0.038,4.3,0.187
20,김진형,두산,0.167,14,21,18,3,3,2,0,1,8,2,0,0,3,4,4,1.00,0,0.43,3.90,0.278,2.1,0.24
21,최재훈,두산,0.152,71,114,99,6,15,3,0,0,18,7,3,1,3,35,31,1.13,0,0.16,3.64,0.030,2.5,0.151
22,양종민,두산,0.125,32,18,16,6,2,0,0,1,5,2,0,0,1,1,8,0.13,0,0.40,3.78,0.188,1.0,0.17800000000000002
23,루츠,두산,0.111,8,30,27,2,3,0,0,1,6,3,0,1,1,10,9,1.11,0,0.33,3.83,0.111,0.9,0.131
24,노경은,두산,-,1,0,0,0,0,0,0,0,0,0,0,0,0,0,0,-,0,-,-,-,0.0,0.0
25,니퍼트,두산,-,1,0,0,0,0,0,0,0,0,0,0,0,0,0,0,-,0,-,-,-,0.0,0.0
26,양현,두산,-,1,0,0,0,0,0,0,0,0,0,0,0,0,0,0,-,0,-,-,-,0.0,0.0
27,이원재,두산,-,1,0,0,0,0,0,0,0,0,0,0,0,0,0,0,-,0,-,-,-,0.0,0.0
28,이현승,두산,-,2,0,0,0,0,0,0,0,0,0,0,0,0,0,0,-,0,-,-,-,0.0,0.0
29,진야곱,두산,-,2,0,0,0,0,0,0,0,0,0,0,0,0,0,0,-,0,-,-,-,0.0,0.0
30,이창열,한화,0.5,5,2,2,0,1,1,0,0,2,1,0,0,1,0,1,0.00,0,-,5.5,0.5,0.6,0.475
31,이용규,한화,0.341,124,585,493,94,168,15,7,4,209,42,11,4,26,177,107,1.65,3,1.51,3.98,0.083,93.2,0.298
32,김경언,한화,0.337,107,437,377,58,127,21,1,16,198,78,5,3,38,96,68,1.41,10,0.56,4.13,0.188,75.1,0.318
33,박노민,한화,0.33299999999999996,23,26,24,1,8,0,0,0,8,4,0,0,0,5,0,-,0,0.18,4.15,0.0,3.2,0.257
34,정근우,한화,0.316,126,552,468,99,148,30,2,12,218,66,13,2,44,158,98,1.61,13,0.92,3.59,0.15,84.9,0.298
35,김태균,한화,0.316,133,524,408,61,129,28,0,21,220,104,1,5,49,120,84,1.43,11,1.23,4.24,0.223,96.1,0.34
36,정현석,한화,0.31,43,133,116,20,36,6,0,1,45,12,2,0,7,31,25,1.24,1,0.54,3.92,0.078,16.8,0.272
37,하주석,한화,0.3,4,11,10,3,3,0,0,0,3,1,0,0,0,2,1,2.00,0,0.25,3.73,0.0,1.2,0.239
38,최진행,한화,0.29100000000000004,109,410,333,55,97,17,0,18,168,64,5,3,35,71,67,1.06,5,0.64,4.13,0.213,67.1,0.311
39,이종환,한화,0.29,44,106,100,14,29,4,0,0,33,12,0,0,4,31,19,1.63,2,0.29,4.06,0.04,10.9,0.231
40,이시찬,한화,0.281,34,72,64,7,18,1,0,0,19,6,1,2,1,19,17,1.12,0,0.33,3.94,0.016,6.2,0.22
41,폭스,한화,0.278,38,121,108,16,30,4,0,7,55,25,0,2,11,30,23,1.30,1,0.30,3.72,0.231,16.3,0.28
42,모건,한화,0.273,10,42,33,2,9,2,0,0,11,5,0,1,2,11,6,1.83,1,0.50,3.93,0.061,5.3,0.266
43,강경학,한화,0.257,120,376,311,50,80,7,4,2,101,27,17,3,13,103,73,1.41,3,0.69,4.08,0.068,40.0,0.23800000000000002
44,장운호,한화,0.254,42,141,114,17,29,4,0,2,39,8,11,0,6,30,28,1.07,0,0.37,3.43,0.08800000000000001,14.1,0.24100000000000002
45,이성열,한화,0.25,101,268,232,35,58,10,2,9,99,36,5,2,21,47,42,1.12,4,0.23,3.92,0.177,33.1,0.256
46,지성준,한화,0.25,9,12,12,1,3,1,0,0,4,0,0,0,1,2,2,1.00,0,0.00,4.17,0.083,0.9,0.196
47,송광민,한화,0.243,12,41,37,2,9,2,0,0,11,1,1,0,2,12,5,2.40,0,0.18,3.61,0.054000000000000006,3.0,0.209
48,김태완,한화,0.239,22,50,46,5,11,2,0,0,13,3,0,0,2,10,9,1.11,0,0.13,4.04,0.043,3.7,0.20600000000000002
49,조인성,한화,0.23199999999999998,106,310,276,33,64,11,0,11,108,44,11,1,22,68,56,1.21,1,0.18,3.52,0.159,31.4,0.22699999999999998
50,한상훈,한화,0.23,35,75,61,7,14,4,0,0,18,8,5,0,4,19,10,1.90,0,0.44,3.97,0.066,5.4,0.222
51,신성현,한화,0.225,64,117,102,17,23,3,0,4,38,17,2,0,7,20,15,1.33,3,0.30,3.97,0.147,13.0,0.23399999999999999
52,권용관,한화,0.22,116,341,296,32,65,8,1,5,90,22,17,1,14,77,69,1.12,1,0.21,4.04,0.084,25.2,0.204
53,주현상,한화,0.21,103,246,214,18,45,7,0,0,52,12,6,2,7,65,60,1.08,1,0.46,3.87,0.033,16.1,0.19
54,김회성,한화,0.209,83,268,225,36,47,10,2,16,109,35,3,2,28,44,78,0.56,1,0.48,4.19,0.276,36.7,0.265
55,송주호,한화,0.2,121,156,140,18,28,6,0,1,37,9,8,0,7,45,31,1.45,1,0.19,3.49,0.064,9.3,0.175
56,허도환,한화,0.17600000000000002,61,106,91,8,16,7,0,1,26,6,3,0,8,26,20,1.30,0,0.24,4.0,0.11,6.6,0.19399999999999998
57,황선일,한화,0.174,13,25,23,1,4,2,0,0,6,2,0,0,2,6,7,0.86,0,0.17,3.6,0.087,1.2,0.17300000000000001
58,고동진,한화,0.16899999999999998,27,70,59,5,10,4,0,0,14,7,5,0,4,21,15,1.40,0,0.15,3.44,0.068,2.5,0.17
59,정범모,한화,0.135,51,114,96,3,13,2,0,0,15,10,7,1,2,35,26,1.35,1,0.39,3.47,0.021,2.9,0.136
60,김주찬,KIA,0.327,98,377,333,66,109,23,2,18,190,62,1,8,43,79,95,0.83,7,0.40,3.79,0.243,68.7,0.315
61,필,KIA,0.325,143,591,536,81,174,35,1,22,277,101,0,9,58,139,158,0.88,15,0.58,3.56,0.192,96.1,0.297
62,황대인,KIA,0.273,22,44,44,3,12,2,0,2,20,7,0,0,4,8,6,1.33,0,0.00,2.91,0.182,4.2,0.237
63,이범호,KIA,0.270,138,514,437,60,118,25,0,28,227,79,0,4,53,99,133,0.74,7,0.63,4.02,0.249,80.9,0.297
64,김원섭,KIA,0.267,110,341,277,45,74,13,3,5,108,33,6,2,21,80,79,1.01,3,1.15,4.37,0.123,45.6,0.272
65,신종길,KIA,0.262,99,348,313,56,82,13,4,5,118,28,4,0,22,92,59,1.56,3,0.31,4.02,0.115,40.7,0.242
66,김민우,KIA,0.260,90,315,269,28,70,16,1,6,106,34,21,3,23,62,65,0.95,5,0.28,4.12,0.134,35.0,0.239
67,최희섭,KIA,0.256,42,149,125,18,32,3,0,6,53,20,0,1,9,33,27,1.22,1,0.65,4.27,0.168,21.1,0.272
68,나지완,KIA,0.253,116,368,304,34,77,16,0,7,114,31,0,2,23,66,84,0.79,1,0.58,4.23,0.122,45.6,0.264
69,김다원,KIA,0.245,108,274,245,31,60,9,0,5,84,30,0,2,14,65,55,1.18,3,0.22,4.03,0.098,26.6,0.22899999999999998
70,백용환,KIA,0.234,65,177,154,22,36,6,0,10,72,30,0,3,16,37,37,1.00,6,0.40,4.17,0.234,24.0,0.259
71,김주형,KIA,0.229,45,88,83,2,19,3,0,2,28,3,0,0,5,15,27,0.56,0,0.14,3.45,0.108,6.7,0.207
72,최용규,KIA,0.225,69,200,182,23,41,4,3,2,57,18,1,2,9,59,41,1.44,1,0.33,4.21,0.088,16.8,0.205
73,이성우,KIA,0.222,79,134,117,8,26,8,0,1,37,16,5,3,9,46,28,1.64,3,0.45,3.78,0.094,9.8,0.201
74,김호령,KIA,0.218,103,283,257,31,56,10,2,1,73,21,6,0,13,67,51,1.31,1,0.18,3.92,0.066,21.1,0.19399999999999998
75,이홍구,KIA,0.216,112,246,222,25,48,10,1,12,96,39,5,0,23,47,63,0.75,7,0.19,3.53,0.216,27.5,0.233
76,오준혁,KIA,0.213,32,86,80,11,17,2,0,2,25,10,1,2,4,26,17,1.53,0,0.09,3.42,0.100,5.2,0.184
77,강한울,KIA,0.205,90,292,264,30,54,8,3,0,68,12,12,0,11,91,68,1.34,0,0.25,3.92,0.053,16.6,0.177
78,박기남,KIA,0.203,51,93,69,8,14,3,0,0,17,3,3,0,3,21,15,1.40,0,1.11,4.15,0.043,8.6,0.237
79,이인행,KIA,0.200,20,33,30,0,6,0,0,0,6,0,1,0,0,6,9,0.67,0,0.22,3.61,0.000,1.5,0.163
80,박찬호,KIA,0.182,69,150,137,13,25,5,1,0,32,6,4,0,6,46,29,1.59,0,0.24,4.07,0.051,6.5,0.163
81,차일목,KIA,0.174,11,25,23,0,4,0,0,0,4,2,0,0,0,8,7,1.14,0,0.50,3.88,0.000,0.6,0.152
82,윤완주,KIA,0.171,28,38,35,4,6,1,0,1,10,2,1,1,2,12,10,1.20,0,0.00,3.32,0.114,2.2,0.157
83,이은총,KIA,0.171,11,38,35,3,6,1,0,0,7,3,1,0,1,12,10,1.20,1,0.14,3.95,0.029,1.3,0.147
84,박준태,KIA,0.167,51,88,66,15,11,2,1,0,15,4,3,0,3,18,17,1.06,0,0.65,3.99,0.061,8.0,0.21600000000000003
85,최병연,KIA,0.167,19,7,6,2,1,0,0,0,1,0,0,0,0,2,1,2.00,0,0.00,5.86,0.000,0.4,0.17
86,고영우,KIA,0.154,82,57,52,17,8,2,0,1,13,4,1,0,3,17,12,1.42,0,0.27,4.11,0.096,3.0,0.159
87,이호신,KIA,0.140,54,62,50,9,7,1,0,0,8,3,3,1,1,14,14,1.00,0,0.38,4.29,0.020,3.1,0.154
88,노수광,KIA,0.083,10,14,12,2,1,1,0,0,2,1,0,0,1,2,2,1.00,0,0.29,4.79,0.083,0.4,0.138
89,김광수,KIA,-,2,0,0,0,0,0,0,0,0,0,0,0,0,0,0,-,0,-,-,-,0.0,0.0
90,김선민,kt,0.429,23,38,35,2,15,2,0,0,17,3,0,1,2,5,10,0.5,1,0.33,3.24,0.057,7.3,0.32299999999999995
91,마르테,kt,0.348,115,487,425,85,148,32,1,20,242,89,0,8,53,88,137,0.64,7,0.85,3.57,0.221,88.3,0.32899999999999996
92,댄블랙,kt,0.33299999999999996,54,225,198,25,66,10,1,12,114,32,0,0,23,41,39,1.05,5,0.48,4.0,0.242,42.2,0.33
93,장성호,kt,0.309,49,114,94,11,29,4,0,1,36,16,0,1,5,31,20,1.55,0,1.13,4.38,0.07400000000000001,16.3,0.285
94,이대형,kt,0.302,140,616,546,86,165,23,3,0,194,37,10,1,26,236,54,4.37,2,0.58,3.77,0.053,76.6,0.255
95,박경수,kt,0.284,137,537,440,75,125,30,1,22,223,73,6,4,53,99,105,0.94,7,0.64,4.28,0.223,89.1,0.306
96,장성우,kt,0.284,133,491,433,55,123,20,1,13,184,77,3,9,34,123,111,1.11,10,0.54,4.0,0.141,64.2,0.262
97,김상현,kt,0.28,134,539,475,71,133,20,0,27,234,88,0,6,47,140,93,1.51,3,0.43,4.02,0.213,77.5,0.28300000000000003
98,박기혁,kt,0.28,126,350,300,27,84,13,1,1,102,30,16,1,15,82,51,1.61,3,0.36,3.91,0.06,35.3,0.243
99,김민혁,kt,0.276,82,179,156,21,43,2,3,0,51,10,7,0,5,56,27,2.07,0,0.47,3.96,0.051,17.7,0.23600000000000002
100,윤요섭,kt,0.264,74,159,148,17,39,4,0,9,70,28,2,2,13,39,33,1.18,1,0.15,3.62,0.209,19.7,0.25
101,박용근,kt,0.263,27,86,76,7,20,6,0,0,26,4,3,0,6,28,13,2.15,0,0.47,3.67,0.079,7.4,0.23199999999999998
102,오정복,kt,0.259,66,278,239,34,62,11,1,5,90,29,2,1,17,79,73,1.08,5,1.27,4.17,0.11699999999999999,33.7,0.254
103,하준호,kt,0.258,80,279,248,33,64,10,0,6,92,26,2,1,16,60,52,1.15,1,0.29,4.1,0.113,32.7,0.242
104,김사연,kt,0.254,72,248,228,31,58,7,1,7,88,27,3,0,15,46,49,0.94,3,0.21,3.93,0.132,27.6,0.23399999999999999
105,송민섭,kt,0.25,28,51,44,3,11,3,1,0,16,1,5,0,4,8,12,0.67,0,0.15,3.12,0.114,3.9,0.218
106,윤도경,kt,0.25,4,4,4,0,1,0,0,0,1,1,0,0,0,1,1,1.0,0,0.0,4.25,0.0,0.2,0.175
107,모상기,kt,0.231,8,15,13,2,3,0,0,0,3,0,0,0,0,0,5,0.0,0,0.4,4.0,0.0,1.2,0.20800000000000002
108,이지찬,kt,0.231,34,42,39,4,9,2,0,0,11,4,1,0,2,16,8,2.0,0,0.33,3.4,0.051,2.5,0.191
109,김영환,kt,0.22899999999999998,37,49,48,4,11,0,0,1,14,7,0,0,1,14,12,1.17,0,0.09,3.2,0.063,3.5,0.183
110,조중근,kt,0.222,25,39,36,4,8,0,0,1,11,2,0,0,1,13,9,1.44,0,0.5,4.26,0.083,2.9,0.203
111,김종민,kt,0.21899999999999997,26,35,32,2,7,0,0,0,7,1,0,0,0,8,14,0.57,0,0.67,4.31,0.0,1.9,0.183
112,김진곤,kt,0.212,67,87,85,11,18,1,0,0,19,6,1,0,1,29,18,1.61,0,0.0,3.37,0.012,3.5,0.155
113,김태훈,kt,0.209,22,44,43,3,9,1,0,1,13,2,0,1,2,9,10,0.9,0,0.0,3.61,0.09300000000000001,2.5,0.168
114,신명철,kt,0.209,89,168,134,12,28,2,2,2,40,18,6,1,6,44,26,1.69,0,0.73,4.42,0.09,15.5,0.228
115,김동명,kt,0.196,21,66,51,8,10,3,0,0,13,3,1,0,3,14,11,1.27,0,0.81,4.52,0.059000000000000004,6.0,0.23
116,심우준,kt,0.16899999999999998,106,146,142,16,24,7,0,1,34,14,2,0,8,44,39,1.13,1,0.06,3.45,0.07,3.1,0.141
117,문상철,kt,0.163,51,88,80,10,13,3,0,2,22,6,1,0,5,18,17,1.06,0,0.22,3.74,0.113,4.8,0.172
118,이창진,kt,0.158,13,20,19,1,3,1,0,0,4,0,0,0,1,4,6,0.67,0,0.17,3.4,0.053,0.6,0.14300000000000002
119,배병옥,kt,0.092,66,68,65,8,6,1,0,1,10,2,1,0,2,17,19,0.89,0,0.04,3.69,0.062,-0.4,0.092
120,양원혁,LG,0.5,3,2,2,2,1,0,0,0,1,1,0,0,0,1,0,-,0,-,3.0,0.0,0.4,0.35
121,서상우,LG,0.34,58,171,159,29,54,8,0,6,80,22,0,0,14,36,38,0.95,3,0.29,4.15,0.16399999999999998,28.6,0.299
122,안익훈,LG,0.33899999999999997,50,74,62,9,21,2,1,0,25,3,3,0,3,18,13,1.38,0,0.90,4.18,0.065,10.4,0.29100000000000004
123,강병의,LG,0.33299999999999996,8,3,3,0,1,0,0,0,1,0,0,0,0,1,0,-,0,0.00,4.0,0.0,-0.1,0.233
124,한나한,LG,0.327,32,126,107,17,35,9,0,4,56,22,1,3,13,24,20,1.20,3,0.39,4.38,0.196,21.3,0.311
125,박용택,LG,0.326,128,533,487,66,159,28,2,18,245,83,1,7,48,127,135,0.94,10,0.47,3.77,0.177,85.3,0.292
126,백창수,LG,0.32299999999999995,25,36,31,4,10,4,0,0,14,0,2,0,4,8,10,0.80,0,1.00,3.39,0.129,5.1,0.285
127,히메네스,LG,0.312,70,299,279,37,87,17,2,11,141,46,0,4,30,40,108,0.37,2,0.25,3.73,0.19399999999999998,47.1,0.281
128,정성훈,LG,0.284,117,440,363,47,103,16,1,9,148,45,6,4,26,106,93,1.14,5,0.83,3.97,0.124,61.2,0.278
129,임훈,LG,0.278,88,296,252,44,70,12,1,1,87,24,7,2,14,73,67,1.09,0,0.59,3.7,0.067,33.4,0.25
130,오지환,LG,0.278,138,566,497,76,138,41,4,11,220,56,3,3,56,117,124,0.94,9,0.49,4.29,0.165,80.4,0.271
131,나성용,LG,0.27399999999999997,40,79,73,7,20,2,0,3,31,9,0,0,5,11,13,0.85,0,0.14,3.94,0.151,9.6,0.254
132,유강남,LG,0.272,126,313,279,26,76,11,1,8,113,37,7,1,20,68,81,0.84,4,0.35,3.74,0.133,35.6,0.251
133,황목치승,LG,0.268,24,74,71,13,19,3,1,0,24,8,0,1,4,25,18,1.39,2,0.20,3.62,0.07,6.6,0.212
134,이민재,LG,0.267,28,34,30,6,8,1,0,0,9,4,1,1,1,8,7,1.14,0,0.13,3.68,0.033,2.9,0.21100000000000002
135,양석환,LG,0.26,125,384,358,36,93,22,1,8,141,48,5,3,31,73,120,0.61,4,0.24,3.99,0.134,39.1,0.23
136,이진영,LG,0.256,103,350,301,32,77,5,1,9,111,39,2,2,15,87,84,1.04,6,0.76,3.89,0.113,39.1,0.25
137,김용의,LG,0.251,71,199,171,30,43,5,1,0,50,15,3,0,6,51,39,1.31,1,0.58,4.11,0.040999999999999995,18.8,0.22899999999999998
138,채은성,LG,0.249,90,198,173,25,43,11,2,4,70,20,3,3,17,56,38,1.47,2,0.36,3.94,0.156,22.4,0.244
139,손주인,LG,0.24600000000000002,98,279,244,27,60,9,0,0,69,14,12,1,9,51,93,0.55,1,0.49,3.9,0.037000000000000005,20.5,0.209
140,이병규,LG,0.243,70,277,230,42,56,9,1,12,103,35,1,0,22,48,43,1.12,1,0.52,4.23,0.204,39.5,0.27899999999999997
141,이병규,LG,0.243,70,277,230,42,56,9,1,12,103,35,1,0,8,34,24,1.42,1,0.28,3.65,0.10400000000000001,6.7,0.196
142,이병규,LG,0.21899999999999997,54,102,96,3,21,7,0,1,31,9,0,1,22,48,43,1.12,1,0.52,4.23,0.204,39.5,0.27899999999999997
143,이병규,LG,0.21899999999999997,54,102,96,3,21,7,0,1,31,9,0,1,8,34,24,1.42,1,0.28,3.65,0.10400000000000001,6.7,0.196
144,문선재,LG,0.226,103,245,212,27,48,13,1,5,78,27,6,1,19,48,63,0.76,1,0.43,4.17,0.142,24.6,0.23199999999999998
145,장준원,LG,0.20800000000000002,20,26,24,2,5,0,0,0,5,1,0,1,0,5,7,0.71,0,0.13,3.73,0.0,1.4,0.156
146,최경철,LG,0.20800000000000002,109,215,183,23,38,7,1,3,56,19,9,1,11,43,48,0.90,2,0.25,3.88,0.098,18.5,0.207
147,박지규,LG,0.205,102,189,171,22,35,8,1,0,45,12,4,1,9,49,39,1.26,2,0.20,4.07,0.057999999999999996,11.7,0.182
148,박성준,LG,0.2,11,12,10,3,2,0,0,0,2,0,0,0,0,1,6,0.17,0,2.00,3.42,0.0,1.0,0.2
149,김영관,LG,0.14300000000000002,20,21,21,2,3,0,0,1,6,2,0,0,1,7,2,3.50,0,0.00,3.81,0.14300000000000002,0.4,0.136
150,윤진호,LG,0.083,30,13,12,3,1,0,0,0,1,1,1,0,0,4,4,1.00,0,0.00,4.08,0.0,-0.3,0.057999999999999996
151,최승준,LG,0.077,8,31,26,0,2,0,0,0,2,1,0,1,0,7,11,0.64,0,0.57,4.35,0.0,0.5,0.107
152,손아섭,롯데,0.317,116,517,445,86,141,28,1,13,210,54,0,3,42,144,67,2.15,7,0.71,4.15,0.155,83.4,0.301
153,아두치,롯데,0.314,132,594,526,105,165,34,5,28,293,106,1,4,67,140,107,1.31,10,0.47,4.02,0.243,105.6,0.312
154,강민호,롯데,0.311,123,456,380,63,118,18,1,35,243,86,0,2,54,73,79,0.92,7,0.54,4.21,0.329,92.5,0.349
155,최준석,롯데,0.306,144,618,507,78,155,18,1,31,268,109,1,1,50,129,90,1.43,10,0.81,4.51,0.223,109.2,0.325
156,김문호,롯데,0.306,93,325,288,35,88,13,0,4,113,31,6,2,17,94,63,1.49,1,0.56,3.66,0.087,38.9,0.263
157,정훈,롯데,0.300,135,562,486,85,146,27,2,9,204,62,7,3,38,128,113,1.13,2,0.51,4.04,0.119,76.5,0.27699999999999997
158,황재균,롯데,0.290,144,596,534,95,155,41,2,26,278,97,4,6,69,109,154,0.71,7,0.39,3.71,0.230,90.5,0.28800000000000003
159,오승택,롯데,0.275,122,353,327,57,90,18,1,8,134,43,4,1,27,66,72,0.92,3,0.17,3.74,0.135,40.7,0.24600000000000002
160,오윤석,롯데,0.273,29,36,33,7,9,1,0,1,13,3,1,0,2,8,8,1.00,0,0.25,3.92,0.121,3.4,0.24
161,김주현,롯데,0.260,47,79,73,7,19,4,0,2,29,12,1,0,6,19,16,1.19,2,0.26,3.84,0.137,8.1,0.23800000000000002
162,박종윤,롯데,0.255,98,326,314,29,80,11,3,4,109,28,1,1,18,107,90,1.19,6,0.18,3.51,0.092,25.7,0.21100000000000002
163,문규현,롯데,0.245,105,298,265,24,65,12,1,2,85,25,15,3,15,91,73,1.25,0,0.36,3.57,0.075,23.9,0.20800000000000002
164,김민하,롯데,0.241,54,141,116,18,28,6,0,1,37,8,3,0,7,23,25,0.92,3,0.45,3.91,0.078,14.2,0.243
165,안중열,롯데,0.240,80,137,125,16,30,10,0,1,43,14,4,1,11,34,31,1.10,1,0.23,3.50,0.104,11.1,0.21100000000000002
166,이우민,롯데,0.227,75,174,141,18,32,4,0,4,48,18,17,0,8,43,23,1.87,0,0.23,3.89,0.113,16.2,0.223
167,손용석,롯데,0.217,38,74,69,4,15,2,0,0,17,2,4,0,2,25,18,1.39,0,0.09,3.04,0.029,2.8,0.165
168,오현근,롯데,0.214,20,36,28,3,6,2,0,0,8,3,2,0,2,8,8,1.00,0,1.00,4.17,0.071,3.4,0.23
169,김대우,롯데,0.174,39,100,92,9,16,1,1,3,28,9,2,0,5,22,15,1.47,0,0.13,4.03,0.130,6.0,0.177
170,김준태,롯데,0.154,27,31,26,0,4,0,0,0,4,0,1,0,0,4,6,0.67,0,0.33,3.90,0.000,1.0,0.159
171,임재철,롯데,0.154,38,63,52,6,8,2,0,1,13,3,3,0,3,18,10,1.80,1,0.44,4.52,0.096,3.8,0.183
172,김대륙,롯데,0.148,71,63,54,6,8,0,0,0,8,1,2,0,0,17,12,1.42,0,0.41,4.08,0.000,1.1,0.14800000000000002
173,강동수,롯데,0.125,22,8,8,2,1,0,0,0,1,0,0,0,0,1,0,-,0,0.00,4.63,0.000,-0.2,0.08800000000000001
174,김재유,롯데,0.111,18,10,9,3,1,0,0,0,1,1,0,0,0,5,0,-,0,0.00,3.20,0.000,0.3,0.11800000000000001
175,박세웅,롯데,-,1,0,0,0,0,0,0,0,0,0,0,0,0,0,0,-,0,-,-,-,0.0,0.0
176,박준서,롯데,0.000,3,5,5,0,0,0,0,0,0,0,0,0,0,2,0,-,0,0.00,3.60,0.000,-0.5,0.0
177,박진형,롯데,-,1,0,0,0,0,0,0,0,0,0,0,0,0,0,0,-,0,-,-,-,0.0,0.0
178,배장호,롯데,-,1,0,0,0,0,0,0,0,0,0,0,0,0,0,0,-,0,-,-,-,0.0,0.0
179,백민기,롯데,0.000,8,9,7,1,0,0,0,0,0,0,0,0,0,5,1,5.00,0,1.00,3.44,0.000,0.0,0.1
180,심수창,롯데,-,2,0,0,0,0,0,0,0,0,0,0,0,0,0,0,-,0,-,-,-,0.0,0.0
181,이성민,롯데,-,3,0,0,0,0,0,0,0,0,0,0,0,0,0,0,-,0,-,-,-,0.0,0.0
182,테임즈,NC,0.381,142,595,472,130,180,42,5,47,373,140,0,7,94,75,133,0.56,12,1.13,3.97,0.409,162.2,0.42100000000000004
183,박정준,NC,0.381,19,24,21,2,8,2,0,0,10,2,0,0,2,5,3,1.67,0,0.00,4.00,0.095,4.3,0.325
184,조평호,NC,0.364,22,22,22,4,8,2,0,1,13,3,0,0,3,4,4,1.00,0,0.00,3.55,0.227,3.7,0.312
185,나성범,NC,0.326,144,622,564,112,184,34,5,28,312,135,3,8,67,126,135,0.93,22,0.25,3.65,0.227,111.8,0.306
186,박민우,NC,0.304,141,617,520,111,158,31,6,3,210,47,3,7,40,133,128,1.04,1,0.68,4.20,0.100,92.4,0.281
187,김종호,NC,0.295,133,486,424,90,125,16,7,4,167,36,10,3,27,155,82,1.89,5,0.68,3.79,0.099,64.1,0.262
188,이호준,NC,0.294,131,518,449,48,132,25,0,24,229,110,3,2,49,120,97,1.24,7,0.60,4.03,0.216,80.1,0.299
189,모창민,NC,0.290,103,239,214,23,62,14,0,6,94,35,4,3,20,50,53,0.94,1,0.35,3.69,0.150,32.1,0.263
190,박광열,NC,0.286,33,22,21,2,6,1,0,0,7,3,0,1,1,7,3,2.33,1,0.00,3.73,0.048,1.5,0.20600000000000002
191,조영훈,NC,0.282,103,146,124,20,35,8,0,8,67,35,1,2,16,29,26,1.12,4,0.53,4.25,0.258,25.9,0.302
192,이종욱,NC,0.268,125,504,440,63,118,25,2,5,162,52,4,3,32,119,128,0.93,6,0.69,3.99,0.100,60.7,0.25
193,지석훈,NC,0.267,137,466,415,53,111,15,0,11,159,46,9,3,26,125,97,1.29,5,0.27,3.73,0.116,52.9,0.243
194,김성욱,NC,0.258,125,204,182,32,47,8,1,3,66,26,0,1,12,33,51,0.65,2,0.33,3.64,0.104,21.7,0.24100000000000002
195,김태군,NC,0.254,144,474,421,45,107,24,0,6,149,52,11,7,30,125,119,1.05,5,0.32,3.66,0.100,45.9,0.22699999999999998
196,최재원,NC,0.247,114,102,85,31,21,8,0,2,35,13,1,0,10,20,15,1.33,0,0.34,4.23,0.165,14.2,0.268
197,손시헌,NC,0.245,140,508,440,56,108,24,2,13,175,58,13,5,39,142,129,1.10,8,0.55,3.62,0.152,55.5,0.243
198,용덕한,NC,0.243,91,157,140,12,34,6,0,1,43,13,5,0,7,55,25,2.20,1,0.31,3.36,0.064,13.1,0.213
199,김준완,NC,0.227,30,54,44,12,10,0,0,0,10,2,0,0,0,15,9,1.67,0,1.00,4.26,0.000,4.9,0.223
200,강구성,NC,0.200,4,5,5,0,1,1,0,0,2,0,0,0,1,3,1,3.00,0,-,4.40,0.200,0.4,0.19
201,윤병호,NC,0.111,9,9,9,0,1,0,0,0,1,0,0,0,0,4,0,-,0,0.00,4.22,0.000,-0.3,0.078
202,노진혁,NC,0.079,65,42,38,4,3,2,0,0,5,2,1,1,2,11,14,0.79,0,0.18,4.12,0.053,-0.2,0.08800000000000001
203,강민국,NC,0.000,1,2,2,0,0,0,0,0,0,0,0,0,0,0,1,0.00,0,0.00,4.50,0.000,-0.2,0.0
204,강장산,NC,-,2,0,0,0,0,0,0,0,0,0,0,0,0,0,0,-,0,-,-,-,0.0,0.0
205,고창성,NC,-,1,0,0,0,0,0,0,0,0,0,0,0,0,0,0,-,0,-,-,-,0.0,0.0
206,김태진,NC,0.000,1,3,3,0,0,0,0,0,0,0,0,0,0,3,0,-,0,-,4.00,0.000,-0.3,0.0
207,노성호,NC,-,1,0,0,0,0,0,0,0,0,0,0,0,0,0,0,-,0,-,-,-,0.0,0.0
208,마낙길,NC,-,1,0,0,0,0,0,0,0,0,0,0,0,0,0,0,-,0,-,-,-,-0.3,0.0
209,민성기,NC,-,3,0,0,0,0,0,0,0,0,0,0,0,0,0,0,-,0,-,-,-,0.0,0.0
210,손민한,NC,-,1,0,0,0,0,0,0,0,0,0,0,0,0,0,0,-,0,-,-,-,0.0,0.0
211,이민호,NC,-,1,0,0,0,0,0,0,0,0,0,0,0,0,0,0,-,0,-,-,-,0.0,0.0
212,유한준,넥센,0.36200000000000004,139,598,520,103,188,42,1,23,301,116,1,8,66,131,138,0.95,9,0.94,4.01,0.217,116.0,0.33799999999999997
213,박병호,넥센,0.34299999999999997,140,622,528,129,181,35,1,53,377,146,0,4,89,87,103,0.84,16,0.48,4.05,0.371,144.7,0.375
214,김민성,넥센,0.303,118,489,445,60,135,24,0,16,207,71,2,3,40,120,131,0.92,2,0.50,3.94,0.162,68.1,0.27699999999999997
215,이정식,삼성,0.400,5,5,5,0,2,0,0,0,2,0,0,0,0,0,2,0.00,0,0.00,3.20,0.000,0.7,0.28
216,배영섭,삼성,0.375,4,18,16,2,6,0,0,0,6,2,0,0,0,4,2,2.00,1,0.50,4.33,0.000,2.2,0.294
217,구자욱,삼성,0.349,116,465,410,97,143,33,5,11,219,57,0,4,49,89,103,0.86,2,0.57,3.97,0.185,85.7,0.321
218,채태인,삼성,0.348,104,373,333,35,116,19,0,8,159,49,0,4,27,72,57,1.26,5,0.36,3.82,0.129,58.5,0.303
219,이승엽,삼성,0.332,122,522,470,87,156,28,1,26,264,90,0,6,55,114,135,0.84,8,0.56,3.86,0.230,94.3,0.315
220,진갑용,삼성,0.324,39,73,68,8,22,2,0,3,33,10,0,1,5,20,18,1.11,1,0.44,3.82,0.162,10.7,0.281
221,박석민,삼성,0.321,135,559,448,90,144,25,0,26,247,116,1,8,51,103,112,0.92,14,0.86,4.26,0.230,107.2,0.336
222,최형우,삼성,0.318,144,637,547,94,174,33,1,33,308,123,0,8,67,114,166,0.69,18,0.72,4.02,0.245,115.6,0.322
223,이지영,삼성,0.305,124,400,361,36,110,10,1,1,125,55,16,5,12,136,88,1.55,5,0.44,3.11,0.042,40.3,0.23600000000000002
224,박한이,삼성,0.300,94,429,367,62,110,17,4,11,168,52,7,1,32,128,67,1.91,5,0.84,3.90,0.158,61.7,0.29
225,박해민,삼성,0.293,144,608,525,96,154,22,7,0,190,47,23,2,29,160,87,1.84,6,0.44,3.90,0.069,77.8,0.253
226,나바로,삼성,0.287,140,643,534,126,153,19,1,48,318,137,1,9,68,137,181,0.76,11,1.29,4.21,0.309,126.1,0.326
227,김상수,삼성,0.278,132,518,449,67,125,30,4,8,187,63,13,7,42,126,149,0.85,5,0.77,3.71,0.138,68.7,0.259
228,백상원,삼성,0.247,52,94,77,10,19,5,0,0,24,7,2,1,5,21,16,1.31,1,0.59,4.55,0.065,9.7,0.24
229,이흥련,삼성,0.238,71,108,105,16,25,7,0,1,35,17,1,0,8,32,26,1.23,2,0.05,3.57,0.095,8.0,0.19699999999999998
230,이영욱,삼성,0.227,38,26,22,8,5,2,0,0,7,2,0,0,2,5,2,2.50,0,0.30,4.35,0.091,2.4,0.235
231,박찬도,삼성,0.213,116,106,89,32,19,2,1,0,23,9,5,0,3,22,23,0.96,0,0.32,4.08,0.045,8.3,0.203
232,우동균,삼성,0.208,37,82,72,12,15,4,0,0,19,6,1,0,4,26,19,1.37,0,0.75,4.02,0.056,4.9,0.19899999999999998
233,김재현,삼성,0.171,73,48,41,7,7,0,0,0,7,5,2,0,0,12,11,1.09,1,0.45,3.50,0.000,1.8,0.16
234,김정혁,삼성,0.167,17,20,18,3,3,0,0,0,3,1,1,0,0,5,7,0.71,0,0.33,3.85,0.000,0.5,0.13699999999999998
235,최선호,삼성,0.167,33,44,42,8,7,1,0,0,8,1,2,0,1,9,13,0.69,0,0.00,3.34,0.024,0.9,0.12300000000000001
236,강봉규,삼성,0.000,5,8,6,0,0,0,0,0,0,0,0,0,0,2,1,2.00,0,0.33,3.25,0.000,0.1,0.113
237,김태완,삼성,0.000,4,6,5,0,0,0,0,0,0,0,0,0,0,0,3,0.00,0,0.50,6.33,0.000,-0.1,0.075
238,박계범,삼성,-,3,0,0,0,0,0,0,0,0,0,0,0,0,0,0,-,0,-,-,-,0.0,0.0
239,심창민,삼성,-,1,0,0,0,0,0,0,0,0,0,0,0,0,0,0,-,0,-,-,-,0.0,0.0
240,윤영수,삼성,0.000,4,2,2,0,0,0,0,0,0,0,0,0,0,0,0,-,0,0.00,5.00,0.000,-0.2,0.0
241,이상훈,삼성,0.000,4,8,7,0,0,0,0,0,0,0,1,0,0,3,2,1.50,0,0.00,3.88,0.000,-0.6,0.0
242,임창용,삼성,-,2,0,0,0,0,0,0,0,0,0,0,0,0,0,0,-,0,-,-,-,0.0,0.0
243,정인욱,삼성,-,1,0,0,0,0,0,0,0,0,0,0,0,0,0,0,-,0,-,-,-,0.0,0.0
244,최민구,삼성,-,6,1,0,1,0,0,0,0,0,1,0,1,0,0,1,0.00,0,-,5.00,-,0.4,0.0
245,이진석,SK,0.500,6,2,2,1,1,0,0,0,1,0,0,0,0,0,0,-,0,0.00,6.50,0.000,0.1,0.35
246,김기현,SK,0.429,9,9,7,0,3,0,0,0,3,0,0,0,0,0,1,0.00,0,0.67,4.22,0.000,1.8,0.35700000000000004
247,이현석,SK,0.333,3,3,3,1,1,0,0,1,4,2,0,0,1,1,0,-,0,0.00,3.33,1.000,1.3,0.483
248,홍명찬,SK,0.333,5,3,3,0,1,0,0,0,1,0,0,0,0,0,0,-,0,0.00,3.33,0.000,0.3,0.233
249,정의윤,SK,0.320,91,297,259,38,83,14,0,14,139,51,0,3,28,56,77,0.73,5,0.57,3.71,0.216,53.2,0.313
250,이명기,SK,0.315,137,582,521,88,164,30,2,3,207,35,11,4,35,177,98,1.81,1,0.41,3.87,0.083,75.4,0.265
251,최정민,SK,0.308,8,15,13,1,4,0,0,0,4,2,1,0,0,5,1,5.00,0,0.33,3.60,0.000,1.5,0.23800000000000002
252,김성현,SK,0.297,129,449,397,49,118,20,0,8,162,48,12,2,28,121,118,1.03,5,0.74,3.49,0.111,53.3,0.263
253,최정,SK,0.295,81,330,275,43,81,17,0,17,149,58,1,3,34,45,74,0.61,10,0.59,4.20,0.247,58.5,0.316
254,허웅,SK,0.294,18,19,17,2,5,1,0,0,6,3,0,0,1,1,8,0.13,0,0.67,3.89,0.059,2.3,0.254
255,이재원,SK,0.282,140,559,489,58,138,18,1,17,209,100,0,5,36,115,156,0.74,11,0.64,3.66,0.145,71.8,0.27
256,박정권,SK,0.281,124,494,438,66,123,23,0,21,209,70,4,2,44,96,102,0.94,5,0.39,4.02,0.196,71.1,0.278
257,나주환,SK,0.268,96,273,246,31,66,15,0,5,96,22,12,1,20,70,64,1.09,3,0.26,3.94,0.122,25.6,0.23600000000000002
258,김연훈,SK,0.267,49,73,60,4,16,1,0,1,20,3,5,1,2,11,16,0.69,0,0.33,3.99,0.067,7.7,0.235
259,이대수,SK,0.264,36,86,72,9,19,3,0,2,28,12,6,1,5,18,13,1.38,1,0.26,3.95,0.125,7.5,0.244
260,조동화,SK,0.261,119,304,245,38,64,6,1,2,78,15,22,2,9,78,55,1.42,1,0.60,4.13,0.057,34.1,0.237
261,브라운,SK,0.261,137,539,464,82,121,21,2,28,230,76,0,2,51,116,102,1.14,9,0.52,3.98,0.235,81.7,0.28600000000000003
262,정상호,SK,0.254,113,324,279,34,71,11,1,12,120,49,8,0,24,62,66,0.94,5,0.28,3.96,0.176,42.1,0.261
263,박진만,SK,0.248,78,162,133,12,33,5,0,2,44,14,2,0,7,31,48,0.65,1,1.10,4.12,0.083,17.7,0.252
264,박재상,SK,0.248,108,292,250,34,62,12,2,7,99,37,6,1,21,70,66,1.06,5,0.60,4.24,0.148,34.1,0.252
265,김강민,SK,0.246,96,328,293,43,72,17,0,4,101,31,4,1,21,74,65,1.14,5,0.28,3.88,0.099,31.4,0.228
266,윤중환,SK,0.240,15,28,25,1,6,0,0,1,9,4,0,0,1,8,5,1.60,0,0.50,4.43,0.120,2.9,0.23399999999999999
267,박계현,SK,0.231,97,302,264,27,61,2,0,0,63,21,13,1,2,103,56,1.84,0,0.44,3.76,0.008,20.2,0.192
268,김민식,SK,0.167,23,26,24,4,4,0,0,0,4,0,0,0,0,11,7,1.57,0,1.00,3.73,0.000,0.1,0.146
269,박윤,SK,0.111,17,29,27,1,3,0,0,0,3,0,1,0,0,8,3,2.67,0,0.00,3.66,0.000,-0.8,0.092
270,김재현,SK,0.105,46,20,19,13,2,0,1,0,4,0,0,0,1,8,3,2.67,0,0.00,4.10,0.105,1.2,0.12
271,안정광,SK,0.105,10,19,19,0,2,0,0,0,2,1,0,0,0,6,4,1.50,0,0.00,3.47,0.000,-0.6,0.07400000000000001
272,유서준,SK,0.083,17,13,12,5,1,0,0,0,1,0,0,0,0,4,4,1.00,0,0.33,4.15,0.000,-0.3,0.09
273,고효준,SK,-,1,0,0,0,0,0,0,0,0,0,0,0,0,0,0,-,0,-,-,-,0.0,0.0
274,박정배,SK,-,1,0,0,0,0,0,0,0,0,0,0,0,0,0,0,-,0,-,-,-,0.0,0.0
